Tool + Settings,MAP
ccfx-5-11-gcfc,1
py-fuzzywuzzy.token_set_ratio,0.9487
ncd-bzlib,0.9434
bzip2ncd-1 .. 9,0.9417
7zncd-BZip2-1 3 5,0.9381
gzipncd-7,0.9373
ncd-zlib,0.9349
jplag-text-2,0.9329
7zncd-PPMd-9,0.9297
xzncd-2,0.9289
7zncd-LZMA-3 ,0.9262
7zncd-LZMA2-3,0.9259
7zncd-Deflate64-9,0.9249
7zncd-Deflate-9,0.9247
deckard-30-1-0.95-gcfw,0.9243
jplag-java-5,0.9179
simian-3-ignoreIdentifiers-gcfc,0.9157
simjava-21,0.9147
plaggie-7,0.9053
py-difflib.SM_noautojunk,0.9052
sherlock1-6-2,0.9048
py-ngram.compare,0.8773
nicad-0.50-10-blind-declaration-gcfw,0.8594
bsdiff,0.8509
inclusion_7zdcd-Deflate-9,0.8231
py-sklearn.cosine_similarity,0.7313
simtext-4,0.7109
py-jellyfish.jaro_distance,0.6828
diff,0.6792
iclones-10-50,0.6675