Tool + Settings,ARP
ccfx-5-11-gcfc,1
py-fuzzywuzzy.token_set_ratio,0.915
ncd-bzlib,0.913
"7zncd-BZip2-1,3,5",0.912
bzip2ncd-1 .. 9,0.909
7zncd-PPMd-7,0.9
gzipncd-7,0.9
ncd-zlib,0.898
xzncd-e,0.898
7zncd-LZMA2-5,0.895
7zncd-LZMA-5,0.894
7zncd-Deflate-5,0.889
7zncd-Deflate64-5,0.889
jplag-text-7,0.885
deckard-30-2-0.95-gcfl,0.882
simian-3-ignoreIdentifiers-gcfc,0.875
py-difflib.SM_noautojunk,0.867
plaggie-7,0.865
jplag-java-5,0.861
simjava-21,0.859
sherlock1-6-2,0.854
py-ngram.compare,0.835
nicad-0.50-10-blind-declaration-gcfw,0.821
bsdiff,0.798
"inclusion_7zdcd-Deflate-9, Deflate64-9",0.747
simtext-4,0.635
py-sklearn.cosine_similarity,0.613
py-jellyfish.jaro_distance,0.601
diff,0.596
iclones-10-50,0.5714