Tool + Settings,prec@n
7zncd-BZip2-1 3 5,0.82
7zncd-Deflate-9,0.811
7zncd-Deflate64-9,0.811
7zncd-LZMA-7 9,0.808
7zncd-LZMA2-7 9,0.81
7zncd-PPMd-9,0.812
bsdiff,0.484
bzip2ncd-1 .. 9,0.832
ccfx-5-11-gcfc,0.976
deckard-30-inf-0.95-gcfw,0.836
diff,0.591
gzipncd-6,0.816
iclones-10-50-gcfc gcfw,0.461
inclusion_7zdcd-PPMd-9,0.726
jplag-java-5,0.836
jplag-text-4,0.798
ncd-bzlib,0.826
ncd-zlib,0.815
nicad-0.50-10-blind-declaration-gcfc,0.766
plaggie-7,0.81
py-difflib.SM_noautojunk,0.828
py-fuzzywuzzy.token_set_ratio,0.858
py-jellyfish.jaro_distance,0.55
py-ngram.compare,0.802
py-sklearn.cosine_similarity,0.588
sherlock1-4-2,0.812
simian-4-ignoreVariableNames-gcfc,0.842
simjava-16,0.86
simtext-4,0.633
xzncd-e,0.811