Tool + Settings ,ARP
jplag-java-8,0.9975
py-difflib.SM_noautojunk,0.9975
jplag-text-1,0.9932
ccfx-10-9-gcfl,0.9888
simjava-11 12 13 15,0.9888
gzipncd-3,0.9865
ncd-zlib,0.9853
7zncd-Deflate-1 3 9,0.9841
7zncd-Deflate64-9,0.9841
7zncd-LZMA-1 3,0.9828
7zncd-LZMA2-1 3,0.9828
xzncd-1 2 3 ,0.9828
py-fuzzywuzzy.ratio,0.9826
7zncd-BZip2-7 9,0.982
deckard-30-2-0.95-gcfl,0.9816
sherlock1-3-0,0.9816
simian-4-ignoreIdentifiers-gcfc-w-l,0.9816
7zncd-PPMd-7 9,0.9807
bzip2ncd-1 .. 9,0.977
ncd-bzlib,0.9758
simtext-11,0.9685
plaggie-8,0.9671
bsdiff,0.9598
py-sklearn.cosine_similarity,0.9598
py-ngram.compare,0.9592
nicad-0.30-5-blind-literal-gcfc-w,0.9387
iclones-10-50-gcfc-w-l/10-60-gcfc-w-l/10-70-gcfc-w-l/8-50-gcfc-w-l/8-60-gcfc-w-l/8-70-gcfc-w-l,0.8801
py-jellyfish.jaro_distance,0.7687
"inclusion_7zdcd-LZMA-7 9, LZMA2-7-9",0.7433
diff,0.1836