Tool + Settings,MAP
jplag-java-8,0.9968
py-difflib.SM_noautojunk,0.9968
jplag-text-3,0.9926
simjava-17,0.9877
gzipncd-3,0.9874
ncd-zlib,0.9865
sherlock1-3-0,0.9859
7zncd-Deflate64-9,0.9856
7zncd-Deflate-9,0.9855
py-fuzzywuzzy.ratio,0.984
xzncd-6 7 8 9 e,0.9838
7zncd-PPMd-7,0.9831
7zncd-LZMA-1 3 7 9,0.9825
7zncd-LZMA2-1 3,0.9825
ccfx-5-9-gcfl,0.9821
7zncd-BZip2-7 9,0.9816
ncd-bzlib,0.9813
bzip2ncd-1 .. 9,0.981
deckard-30-2-0.95-gcfl,0.9798
simian-4-ignoreIdentifiers-gcfl,0.9779
py-sklearn.cosine_similarity,0.9662
plaggie-8,0.9651
py-ngram.compare,0.9644
simtext-11,0.9632
bsdiff,0.963
nicad-0.30-5-blind-literal-gcfw,0.9308
iclones-8-70-gcfl,0.8819
inclusion_7zdcd-LZMA-7 9,0.7914
py-jellyfish.jaro_distance,0.7878
diff,0.2274