Tool + Settings,prec@n
jplag-text-4,0.9647
simjava-24 25,0.9603
simian-4-ignoreVariableNames-gcfl,0.9536
jplag-java-12,0.9514
deckard-50-2-1.0-gcfl/gcfw,0.947
py-difflib.SM_nowhitespace_autojunk,0.9382
ccfx-10-11-gcfl/10-12-gcfl/15-12-gcfl/16-12-gcfl/17-12-gcfl,0.9294
py-fuzzywuzzy.ratio,0.9294
plaggie-14,0.9139
sherlock1-5-3,0.9029
nicad-0.30-5-consistent-condition-gcfc,0.9007
iclones-10-50-gcfw/10-60-gcfw,0.894
py-ngram.compare,0.8675
py-sklearn.cosine_similarity,0.8631
simtext-10 11 12,0.8631
ncd-zlib,0.8455
gzipncd-8 9,0.8411
bzip2ncd-1 .. 9,0.8366
ncd-bzlib,0.8322
xzncd-5,0.8322
7zncd-Deflate-9,0.8234
7zncd-Deflate64-9,0.8234
7zncd-LZMA-5 7 9,0.8234
7zncd-LZMA2-7 9,0.8234
7zncd-PPMd-9,0.819
7zncd-BZip2-1 3 5,0.7881
py-jellyfish.jaro_distance,0.7351
inclusion_7zdcd-LZMA-5  7 9,0.7108
diff,0.0486
bsdiff,0.0044